"FAKE_IIN";"FLREQUESTDATE";"FLQUEUEDATE";"FLCATEGORY";"FLSUBCATEGORY";"FLQUEUENUMBER";"N_APPLICATIONS";"IN_FL";"ADDRESS_REGISTRATION_STATUS";"REGION_APPLICANT";"KATO_2_APPLICANT";"DISTRICT_APPLICANT";"KATO_4_APPLICANT";"REGION_KEZEKTE";"KATO_2_KEZEKTE";"DISTRICT_KEZEKTE";"KATO_4_KEZEKTE";"ADDRESS_REGISTRATION_IN_DISTRICT";"CITIZENSHIP_ID";"DEAD_STATUS";"REAL_ESTATE_STATUS";"N_CRITERIA_FAILED";"STATUS_FAILED";"SK_FAMILY_ID";"FAMILY_CAT_NEW";"CNT_MEM";"SDU_LOAD_IN_DT"
123456789000;2025-03-28 08:13:58;2022-09-08 07:53:03;Социально-уязвимые слои населения;Лица с инвалидностью 1 и 2 групп;1193;1;ИИН есть в реестре ФЛ;Есть прописка;;"39";;"3924";Костанайская область;"39";Рудный г.а.;"3924";Есть прописка в районе;КАЗАХСТАН;Живой;Нет недвижимости;0;Соответствует критериям;29541614;С - Неблагополучный уровень семьи (необходим мониторинг) ;4;2025-06-07 03:39:47
123456789000;2025-03-28 09:39:03;2021-05-19 05:05:01;Социально-уязвимые слои населения;Неполная семья;2721;1;ИИН есть в реестре ФЛ;Есть прописка;;"63";;"6310";Восточно-Казахстанская область;"63";Усть-Каменогорск г.а.;"6310";Есть прописка в районе;КАЗАХСТАН;Живой;Нет недвижимости;0;Соответствует критериям;21480206;D - Кризисный уровень семьи (требуется помощь);3;2025-06-07 03:39:47
123456789000;2025-03-28 09:40:34;2024-08-01 18:32:35;Социально-уязвимые слои населения;Семьи, имеющие или воспитывающие детей с инвалидностью;4253;1;ИИН есть в реестре ФЛ;Есть прописка;;"63";;"6310";Восточно-Казахстанская область;"63";Усть-Каменогорск г.а.;"6310";Нет прописки в районе;КАЗАХСТАН;Живой;Есть недвижимость;2;Не соответствует нескольким критериям;33273077;С - Неблагополучный уровень семьи (необходим мониторинг) ;4;2025-06-07 03:39:47
123456789000;2025-03-28 08:43:46;2018-03-16 11:36:59;Социально-уязвимые слои населения;Пенсионеры по возрасту;1821;1;ИИН есть в реестре ФЛ;Есть прописка;;"11";;"1110";Акмолинская область;"11";Кокшетау г.а.;"1110";Есть прописка в районе;КАЗАХСТАН;Живой;Нет недвижимости;0;Соответствует критериям;24957572;D - Кризисный уровень семьи (требуется помощь);2;2025-06-07 03:39:47
123456789000;2025-03-28 08:19:01;2021-03-10 08:09:25;Социально-уязвимые слои населения;Лица с инвалидностью 1 и 2 групп;515;1;ИИН есть в реестре ФЛ;Есть прописка;;"43";;"4352";Кызылординская область;"43";Шиелийский район;"4352";Есть прописка в районе;КАЗАХСТАН;Живой;Есть недвижимость;1;Есть недвижимость;19560011;D - Кризисный уровень семьи (требуется помощь);6;2025-06-07 03:39:47
123456789000;2025-03-28 08:50:38;2020-03-02 12:19:56;Социально-уязвимые слои населения;Лица с инвалидностью 1 и 2 групп;5874;1;ИИН есть в реестре ФЛ;Есть прописка;;"75";;"7513";Алматы г.а.;"75";Алматы г.а.;"7500";Есть прописка в районе;КАЗАХСТАН;Живой;Нет недвижимости;0;Соответствует критериям;36926061;С - Неблагополучный уровень семьи (необходим мониторинг) ;8;2025-06-07 03:39:47
123456789000;2025-03-28 08:18:08;2024-04-16 04:12:05;Государственные служащие, работники бюджетных организаций, военнослужащие, кандидаты в космонавты, космонавты, сотрудники специальных государственных органов и лица, занимающие государственные выборные должности;Государственный служащий;6735;1;ИИН есть в реестре ФЛ;Есть прописка;;"59";;"5936";Северо-Казахстанская область;"59";Петропавловск г.а.;"5910";Нет прописки в районе;КАЗАХСТАН;Живой;Есть недвижимость;2;Не соответствует нескольким критериям;25164263;В - удовлетворительный уровень семьи (ниже среднего);6;2025-06-07 03:39:47
123456789000;2025-03-28 09:21:51;2023-06-12 05:56:11;Социально-уязвимые слои населения;Неполная семья;5105;1;ИИН есть в реестре ФЛ;Есть прописка;;"61";;"6110";Туркестанская область;"61";Туркестан г.а.;"6110";Есть прописка в районе;КАЗАХСТАН;Живой;Нет недвижимости;0;Соответствует критериям;33024645;D - Кризисный уровень семьи (требуется помощь);4;2025-06-07 03:39:47
123456789000;2025-03-28 08:54:48;2016-01-12 10:33:35;Социально-уязвимые слои населения;Неполная семья;173;1;ИИН есть в реестре ФЛ;Есть прописка;;"31";;"3148";Жамбылская область;"31";Кордайский район;"3148";Есть прописка в районе;КАЗАХСТАН;Живой;Нет недвижимости;0;Соответствует критериям;10770987;С - Неблагополучный уровень семьи (необходим мониторинг) ;4;2025-06-07 03:39:47
123456789000;2025-03-28 09:36:34;2011-12-12 19:00:00;Социально-уязвимые слои населения;Неполная семья;1280;1;ИИН есть в реестре ФЛ;Есть прописка;;"15";;"1510";Актюбинская область;"15";Актобе г.а.;"1510";Есть прописка в районе;КАЗАХСТАН;Живой;Нет недвижимости;0;Соответствует критериям;;;;2025-06-07 03:39:47
123456789000;2025-03-28 07:52:52;2010-01-21 19:00:00;Государственные служащие, работники бюджетных организаций, военнослужащие, кандидаты в космонавты, космонавты, сотрудники специальных государственных органов и лица, занимающие государственные выборные должности;Государственный служащий;213;1;ИИН есть в реестре ФЛ;Есть прописка;;"33";;"3310";Алматинская область;"19";Талдыкорган г.а.;;Нет прописки в районе;КАЗАХСТАН;Живой;Нет недвижимости;1;Нет прописки в районе;1931776;В - удовлетворительный уровень семьи (ниже среднего);6;2025-06-07 03:39:47
123456789000;2025-03-28 08:36:01;2010-11-22 07:00:01;Социально-уязвимые слои населения;Лицо, страдающие тяжелыми формами некоторых хронических заболеваний, перечисленных в списке заболеваний, утверждаемом в установленном законодательством порядке;31;1;ИИН есть в реестре ФЛ;Есть прописка;;"23";;"2310";Атырауская область;"23";Атырау г.а.;"2310";Нет прописки в районе;КАЗАХСТАН;Живой;Нет недвижимости;1;Нет прописки в районе;25734528;В - удовлетворительный уровень семьи (ниже среднего);7;2025-06-07 03:39:47
123456789000;2025-03-28 08:51:13;2023-11-14 09:16:37;Государственные служащие, работники бюджетных организаций, военнослужащие, кандидаты в космонавты, космонавты, сотрудники специальных государственных органов и лица, занимающие государственные выборные должности;Государственный служащий;13457;1;ИИН есть в реестре ФЛ;Есть прописка;;"75";;"7512";Алматы г.а.;"75";Алматы г.а.;"7500";Есть прописка в районе;КАЗАХСТАН;Живой;Нет недвижимости;0;Соответствует критериям;28587888;С - Неблагополучный уровень семьи (необходим мониторинг) ;4;2025-06-07 03:39:47
123456789000;2025-03-28 09:33:53;2023-10-13 08:44:19;Социально-уязвимые слои населения;Семьи, имеющие или воспитывающие детей с инвалидностью;10622;1;ИИН есть в реестре ФЛ;Есть прописка;;"15";;"1510";Актюбинская область;"15";Актобе г.а.;"1510";Есть прописка в районе;КАЗАХСТАН;Живой;Нет недвижимости;0;Соответствует критериям;357020;В - удовлетворительный уровень семьи (ниже среднего);8;2025-06-07 03:39:47
123456789000;2025-03-28 09:33:35;2022-01-26 11:14:23;Социально-уязвимые слои населения;Ветераны, приравненные по льготам к ветеранам Великой Отечественной войны;35;1;ИИН есть в реестре ФЛ;Есть прописка;;"15";;"1540";Актюбинская область;"15";Каргалинский район;"1540";Есть прописка в районе;КАЗАХСТАН;Живой;Нет недвижимости;0;Соответствует критериям;511474;В - удовлетворительный уровень семьи (ниже среднего);2;2025-06-07 03:39:47
123456789000;2025-03-28 08:14:07;2019-05-19 19:00:00;Государственные служащие, работники бюджетных организаций, военнослужащие, кандидаты в космонавты, космонавты, сотрудники специальных государственных органов и лица, занимающие государственные выборные должности;Работники бюджетных организаций;565;1;ИИН есть в реестре ФЛ;Есть прописка;;"47";;"4750";Мангистауская область;"47";Мунайлинский район;"4750";Есть прописка в районе;КАЗАХСТАН;Живой;Есть недвижимость;1;Есть недвижимость;22585506;С - Неблагополучный уровень семьи (необходим мониторинг) ;4;2025-06-07 03:39:47
123456789000;2025-03-28 08:08:28;2022-03-14 10:33:50;Многодетные семьи (в т.ч. многодетные матери имеющие награды «Алтын алқа», «Күміс алқа», «Материнская слава» I и II степени или звание «Мать-героиня»);Многодетные семьи;3833;1;ИИН есть в реестре ФЛ;Есть прописка;;"71";;"7113";Астана г.а.;"71";Астана г.а.;"7100";Есть прописка в районе;КАЗАХСТАН;Живой;Нет недвижимости;0;Соответствует критериям;19263246;В - удовлетворительный уровень семьи (ниже среднего);8;2025-06-07 03:39:47
123456789000;2025-03-28 09:14:13;2019-06-02 09:32:57;Социально-уязвимые слои населения;Лица с инвалидностью 1 и 2 групп;2424;1;ИИН есть в реестре ФЛ;Есть прописка;;"61";;"6110";Туркестанская область;"61";Туркестан г.а.;"6110";Есть прописка в районе;КАЗАХСТАН;Живой;Нет недвижимости;0;Соответствует критериям;22015151;D - Кризисный уровень семьи (требуется помощь);1;2025-06-07 03:39:47
123456789000;2025-03-28 09:17:17;2024-12-13 07:53:22;Многодетные семьи (в т.ч. многодетные матери имеющие награды «Алтын алқа», «Күміс алқа», «Материнская слава» I и II степени или звание «Мать-героиня»);Многодетные семьи;1821;1;ИИН есть в реестре ФЛ;Есть прописка;;"61";;"6139";Туркестанская область;"61";Келесский район;"6139";Есть прописка в районе;КАЗАХСТАН;Живой;Нет недвижимости;0;Соответствует критериям;29606635;В - удовлетворительный уровень семьи (ниже среднего);7;2025-06-07 03:39:47
123456789000;2025-03-28 07:58:11;2017-06-01 05:06:56;Дети-сироты, дети, оставшиеся без попечения родителей;Дети-сироты, дети, оставшиеся без попечения родителей;258;1;ИИН есть в реестре ФЛ;Есть прописка;;"19";;"1968";Алматинская область;"19";Илийский район;"1968";Есть прописка в районе;КАЗАХСТАН;Живой;Нет недвижимости;0;Соответствует критериям;34411415;В - удовлетворительный уровень семьи (ниже среднего);3;2025-06-07 03:39:47
123456789000;2025-03-28 09:27:57;2004-08-23 05:20:00;Социально-уязвимые слои населения;Неполная семья;20;1;ИИН есть в реестре ФЛ;Есть прописка;;"35";;"3510";Карагандинская область;"35";Караганда г.а.;"3510";Нет прописки в районе;КАЗАХСТАН;Живой;Нет недвижимости;1;Нет прописки в районе;10454667;С - Неблагополучный уровень семьи (необходим мониторинг) ;4;2025-06-07 03:39:47
123456789000;2025-03-28 08:53:43;2024-07-17 06:35:04;Государственные служащие, работники бюджетных организаций, военнослужащие, кандидаты в космонавты, космонавты, сотрудники специальных государственных органов и лица, занимающие государственные выборные должности;Работники бюджетных организаций;6800;1;ИИН есть в реестре ФЛ;Есть прописка;;"31";;"3110";Жамбылская область;"31";Тараз г.а.;"3110";Есть прописка в районе;КАЗАХСТАН;Живой;Нет недвижимости;0;Соответствует критериям;30617691;С - Неблагополучный уровень семьи (необходим мониторинг) ;3;2025-06-07 03:39:47
123456789000;2025-03-28 08:12:10;2013-12-19 04:47:18;Социально-уязвимые слои населения;Неполная семья;451;1;ИИН есть в реестре ФЛ;Есть прописка;;"39";;"3924";Костанайская область;"39";Рудный г.а.;"3924";Есть прописка в районе;КАЗАХСТАН;Живой;Нет недвижимости;0;Соответствует критериям;24092805;В - удовлетворительный уровень семьи (ниже среднего);5;2025-06-07 03:39:47
123456789000;2025-03-28 08:22:37;2010-01-05 19:00:00;Государственные служащие, работники бюджетных организаций, военнослужащие, кандидаты в космонавты, космонавты, сотрудники специальных государственных органов и лица, занимающие государственные выборные должности;Работники бюджетных организаций;395;1;ИИН есть в реестре ФЛ;Есть прописка;;"43";;"4310";Кызылординская область;"43";Кызылорда г.а.;"4310";Есть прописка в районе;КАЗАХСТАН;Живой;Нет недвижимости;0;Соответствует критериям;3096968;В - удовлетворительный уровень семьи (ниже среднего);1;2025-06-07 03:39:47
123456789000;2025-03-28 09:34:58;2022-10-03 12:35:25;Многодетные семьи (в т.ч. многодетные матери имеющие награды «Алтын алқа», «Күміс алқа», «Материнская слава» I и II степени или звание «Мать-героиня»);Многодетные семьи;2645;1;ИИН есть в реестре ФЛ;Есть прописка;;"15";;"1510";Актюбинская область;"15";Актобе г.а.;"1510";Есть прописка в районе;КАЗАХСТАН;Живой;Нет недвижимости;0;Соответствует критериям;17633139;С - Неблагополучный уровень семьи (необходим мониторинг) ;12;2025-06-07 03:39:47
123456789000;2025-03-28 09:41:12;2025-01-23 13:45:30;Государственные служащие, работники бюджетных организаций, военнослужащие, кандидаты в космонавты, космонавты, сотрудники специальных государственных органов и лица, занимающие государственные выборные должности;Государственный служащий;5605;1;ИИН есть в реестре ФЛ;Есть прописка;;"10";;"1010";область Абай;"10";Семей г.а.;"1010";Есть прописка в районе;КАЗАХСТАН;Живой;Нет недвижимости;0;Соответствует критериям;30145887;В - удовлетворительный уровень семьи (ниже среднего);4;2025-06-07 03:39:47
123456789000;2025-03-28 08:10:00;2013-11-26 19:00:00;Государственные служащие, работники бюджетных организаций, военнослужащие, кандидаты в космонавты, космонавты, сотрудники специальных государственных органов и лица, занимающие государственные выборные должности;Государственный служащий;1117;1;ИИН есть в реестре ФЛ;Есть прописка;;"47";;"4710";Мангистауская область;"47";Актау г.а.;"4710";Есть прописка в районе;КАЗАХСТАН;Живой;Есть недвижимость;1;Есть недвижимость;3731683;В - удовлетворительный уровень семьи (ниже среднего);3;2025-06-07 03:39:47
123456789000;2025-03-28 08:35:30;2016-07-19 19:00:00;Государственные служащие, работники бюджетных организаций, военнослужащие, кандидаты в космонавты, космонавты, сотрудники специальных государственных органов и лица, занимающие государственные выборные должности;Государственный служащий;1999;1;ИИН есть в реестре ФЛ;Есть прописка;;"55";;"5510";Павлодарская область;"55";Павлодар г.а.;"5510";Есть прописка в районе;КАЗАХСТАН;Живой;Нет недвижимости;0;Соответствует критериям;21183835;В - удовлетворительный уровень семьи (ниже среднего);6;2025-06-07 03:39:47
123456789000;2025-03-28 08:18:49;2018-04-07 07:59:06;Государственные служащие, работники бюджетных организаций, военнослужащие, кандидаты в космонавты, космонавты, сотрудники специальных государственных органов и лица, занимающие государственные выборные должности;Работники бюджетных организаций;5643;1;ИИН есть в реестре ФЛ;Есть прописка;;"43";;"4310";Кызылординская область;"43";Кызылорда г.а.;"4310";Есть прописка в районе;КАЗАХСТАН;Живой;Нет недвижимости;0;Соответствует критериям;33369829;В - удовлетворительный уровень семьи (ниже среднего);4;2025-06-07 03:39:47
123456789000;2025-03-28 08:01:50;2022-05-31 11:15:51;Многодетные семьи (в т.ч. многодетные матери имеющие награды «Алтын алқа», «Күміс алқа», «Материнская слава» I и II степени или звание «Мать-героиня»);Многодетные семьи;684;1;ИИН есть в реестре ФЛ;Есть прописка;;"19";;"1940";Алматинская область;"19";Енбекшиказахский район;"1940";Есть прописка в районе;КАЗАХСТАН;Живой;Нет недвижимости;0;Соответствует критериям;21919317;В - удовлетворительный уровень семьи (ниже среднего);7;2025-06-07 03:39:47
123456789000;2025-03-28 07:51:15;2024-05-02 07:59:25;Многодетные семьи (в т.ч. многодетные матери имеющие награды «Алтын алқа», «Күміс алқа», «Материнская слава» I и II степени или звание «Мать-героиня»);"Многодетные матери, награжденные подвесками ""Күміс алқа""";2045;1;ИИН есть в реестре ФЛ;Есть прописка;;"19";;"1952";Алматинская область;"19";Карасайский район;"1952";Есть прописка в районе;КАЗАХСТАН;Живой;Нет недвижимости;0;Соответствует критериям;19837729;В - удовлетворительный уровень семьи (ниже среднего);8;2025-06-07 03:39:47
123456789000;2025-03-28 08:22:04;2025-02-07 18:59:18;Социально-уязвимые слои населения;Неполная семья;224;1;ИИН есть в реестре ФЛ;Есть прописка;;"43";;"4348";Кызылординская область;"43";Сырдарьинский район;"4348";Нет прописки в районе;КАЗАХСТАН;Живой;Нет недвижимости;1;Нет прописки в районе;33228480;С - Неблагополучный уровень семьи (необходим мониторинг) ;2;2025-06-07 03:39:47
123456789000;2025-03-28 08:52:19;2022-04-22 06:12:06;Социально-уязвимые слои населения;Неполная семья;11176;1;ИИН есть в реестре ФЛ;Есть прописка;;"11";;"1166";Алматы г.а.;"75";Алматы г.а.;"7500";Нет прописки в районе;КАЗАХСТАН;Живой;Нет недвижимости;1;Нет прописки в районе;33915270;С - Неблагополучный уровень семьи (необходим мониторинг) ;2;2025-06-07 03:39:47
123456789000;2025-03-28 07:51:50;2020-08-13 09:29:48;Социально-уязвимые слои населения;Семьи, имеющие или воспитывающие детей с инвалидностью;94;1;ИИН есть в реестре ФЛ;Есть прописка;;"33";;"3332";Алматинская область;"19";Аксуский район;;Нет прописки в районе;КАЗАХСТАН;Живой;Нет недвижимости;1;Нет прописки в районе;18149713;D - Кризисный уровень семьи (требуется помощь);1;2025-06-07 03:39:47
123456789000;2025-03-28 09:05:19;2016-07-04 19:00:11;Социально-уязвимые слои населения;Неполная семья;2356;1;ИИН есть в реестре ФЛ;Есть прописка;;"79";;"7919";Шымкент г.а.;"79";Шымкент г.а.;"7900";Есть прописка в районе;КАЗАХСТАН;Живой;Нет недвижимости;0;Соответствует критериям;17949510;С - Неблагополучный уровень семьи (необходим мониторинг) ;3;2025-06-07 03:39:47
123456789000;2025-03-28 09:31:13;2016-03-14 05:20:00;Дети-сироты, дети, оставшиеся без попечения родителей;Дети-сироты, дети, оставшиеся без попечения родителей;159;1;ИИН есть в реестре ФЛ;Есть прописка;;"71";;"7115";область Ұлытау;"62";Сатпаев г.а.;"6220";Нет прописки в районе;КАЗАХСТАН;Живой;Нет недвижимости;1;Нет прописки в районе;28909669;С - Неблагополучный уровень семьи (необходим мониторинг) ;6;2025-06-07 03:39:47
123456789000;2025-03-28 08:49:17;2025-01-13 08:00:46;Многодетные семьи (в т.ч. многодетные матери имеющие награды «Алтын алқа», «Күміс алқа», «Материнская слава» I и II степени или звание «Мать-героиня»);Многодетные семьи;8132;1;ИИН есть в реестре ФЛ;Есть прописка;;"75";;"7514";Алматы г.а.;"75";Алматы г.а.;"7500";Есть прописка в районе;КАЗАХСТАН;Живой;Нет недвижимости;0;Соответствует критериям;34535306;С - Неблагополучный уровень семьи (необходим мониторинг) ;6;2025-06-07 03:39:47
123456789000;2025-03-28 09:28:47;2020-03-16 10:36:11;Социально-уязвимые слои населения;Неполная семья;4729;1;ИИН есть в реестре ФЛ;Есть прописка;;"35";;"3510";Карагандинская область;"35";Караганда г.а.;"3510";Нет прописки в районе;КАЗАХСТАН;Живой;Есть недвижимость;2;Не соответствует нескольким критериям;21534915;С - Неблагополучный уровень семьи (необходим мониторинг) ;5;2025-06-07 03:39:47
123456789000;2025-03-28 09:33:05;2023-01-25 13:06:23;Многодетные семьи (в т.ч. многодетные матери имеющие награды «Алтын алқа», «Күміс алқа», «Материнская слава» I и II степени или звание «Мать-героиня»);Многодетные семьи;2802;1;ИИН есть в реестре ФЛ;Есть прописка;;"15";;"1510";Актюбинская область;"15";Актобе г.а.;"1510";Есть прописка в районе;КАЗАХСТАН;Живой;Нет недвижимости;0;Соответствует критериям;26029556;В - удовлетворительный уровень семьи (ниже среднего);7;2025-06-07 03:39:47
123456789000;2025-03-28 09:04:22;2015-07-15 19:00:00;Социально-уязвимые слои населения;Неполная семья;1298;1;ИИН есть в реестре ФЛ;Есть прописка;;"79";;"7913";Шымкент г.а.;"79";Шымкент г.а.;"7900";Есть прописка в районе;КАЗАХСТАН;Живой;Нет недвижимости;0;Соответствует критериям;10880477;В - удовлетворительный уровень семьи (ниже среднего);2;2025-06-07 03:39:47
123456789000;2025-03-28 07:54:49;2014-06-04 09:33:07;Социально-уязвимые слои населения;Семьи, имеющие или воспитывающие детей с инвалидностью;295;1;ИИН есть в реестре ФЛ;Есть прописка;;"19";;"1910";Алматинская область;"19";Конаев г.а.;"1910";Есть прописка в районе;КАЗАХСТАН;Живой;Нет недвижимости;0;Соответствует критериям;22177625;В - удовлетворительный уровень семьи (ниже среднего);8;2025-06-07 03:39:47
123456789000;2025-03-28 08:07:30;2020-09-28 09:01:07;Государственные служащие, работники бюджетных организаций, военнослужащие, кандидаты в космонавты, космонавты, сотрудники специальных государственных органов и лица, занимающие государственные выборные должности;Государственный служащий;7201;1;ИИН есть в реестре ФЛ;Есть прописка;;"71";;"7115";Астана г.а.;"71";Астана г.а.;"7100";Есть прописка в районе;КАЗАХСТАН;Живой;Нет недвижимости;0;Соответствует критериям;30621780;С - Неблагополучный уровень семьи (необходим мониторинг) ;5;2025-06-07 03:39:47
123456789000;2025-03-28 08:22:02;2017-04-11 06:10:31;Дети-сироты, дети, оставшиеся без попечения родителей;Дети-сироты, дети, оставшиеся без попечения родителей;47;1;ИИН есть в реестре ФЛ;Есть прописка;;"43";;"4352";Кызылординская область;"43";Шиелийский район;"4352";Есть прописка в районе;КАЗАХСТАН;Живой;Нет недвижимости;0;Соответствует критериям;3037365;В - удовлетворительный уровень семьи (ниже среднего);4;2025-06-07 03:39:47
123456789000;2025-03-28 09:14:55;2024-04-24 09:34:58;Государственные служащие, работники бюджетных организаций, военнослужащие, кандидаты в космонавты, космонавты, сотрудники специальных государственных органов и лица, занимающие государственные выборные должности;Работники бюджетных организаций;4406;1;ИИН есть в реестре ФЛ;Есть прописка;;"61";;"6148";Туркестанская область;"61";Туркестан г.а.;"6110";Нет прописки в районе;КАЗАХСТАН;Живой;Нет недвижимости;1;Нет прописки в районе;4948437;В - удовлетворительный уровень семьи (ниже среднего);5;2025-06-07 03:39:47
123456789000;2025-03-28 08:34:30;2021-11-11 04:48:43;Многодетные семьи (в т.ч. многодетные матери имеющие награды «Алтын алқа», «Күміс алқа», «Материнская слава» I и II степени или звание «Мать-героиня»);Многодетные семьи;484;1;ИИН есть в реестре ФЛ;Есть прописка;;"55";;"5510";Павлодарская область;"55";Павлодар г.а.;"5510";Нет прописки в районе;КАЗАХСТАН;Живой;Есть недвижимость;2;Не соответствует нескольким критериям;21682027;В - удовлетворительный уровень семьи (ниже среднего);6;2025-06-07 03:39:47
123456789000;2025-03-28 07:55:27;2016-05-03 04:28:29;Дети-сироты, дети, оставшиеся без попечения родителей;Дети-сироты, дети, оставшиеся без попечения родителей;291;1;ИИН есть в реестре ФЛ;Есть прописка;;"33";;"3346";Алматинская область;"19";Панфиловский район;;Нет прописки в районе;КАЗАХСТАН;Живой;Нет недвижимости;1;Нет прописки в районе;28381553;D - Кризисный уровень семьи (требуется помощь);1;2025-06-07 03:39:47
123456789000;2025-03-28 09:27:04;2012-12-10 08:20:00;Социально-уязвимые слои населения;Лица с инвалидностью 1 и 2 групп;1276;1;ИИН есть в реестре ФЛ;Есть прописка;;"35";;"3510";Карагандинская область;"35";Караганда г.а.;"3510";Есть прописка в районе;КАЗАХСТАН;Живой;Нет недвижимости;0;Соответствует критериям;22440270;D - Кризисный уровень семьи (требуется помощь);1;2025-06-07 03:39:47
123456789000;2025-03-28 08:12:13;2021-08-19 13:05:45;Многодетные семьи (в т.ч. многодетные матери имеющие награды «Алтын алқа», «Күміс алқа», «Материнская слава» I и II степени или звание «Мать-героиня»);Многодетные семьи;108;1;ИИН есть в реестре ФЛ;Есть прописка;;"47";;"4750";Мангистауская область;"47";Мунайлинский район;"4750";Есть прописка в районе;КАЗАХСТАН;Живой;Нет недвижимости;0;Соответствует критериям;24005728;В - удовлетворительный уровень семьи (ниже среднего);11;2025-06-07 03:39:47
123456789000;2025-03-28 07:53:21;2022-03-30 07:13:02;Многодетные семьи (в т.ч. многодетные матери имеющие награды «Алтын алқа», «Күміс алқа», «Материнская слава» I и II степени или звание «Мать-героиня»);Многодетные семьи;1712;1;ИИН есть в реестре ФЛ;Есть прописка;;"19";;"1962";Алматинская область;"19";Талгарский район;"1962";Есть прописка в районе;КАЗАХСТАН;Живой;Нет недвижимости;0;Соответствует критериям;22677946;С - Неблагополучный уровень семьи (необходим мониторинг) ;7;2025-06-07 03:39:47
123456789000;2025-03-28 08:28:06;2020-08-03 10:11:00;Граждане Республики Казахстан, единственное жилище которых признано аварийным в порядке, установленном законодательством Республики Казахстан;Граждане Республики Казахстан, единственное жилище которых признано аварийным в порядке, установленном законодательством Республики Казахстан;2;1;ИИН есть в реестре ФЛ;Есть прописка;;"55";;"5546";Павлодарская область;"55";Иртышский район;"5546";Есть прописка в районе;КАЗАХСТАН;Живой;Нет недвижимости;0;Соответствует критериям;4126250;В - удовлетворительный уровень семьи (ниже среднего);5;2025-06-07 03:39:47
123456789000;2025-03-28 08:30:23;2017-05-30 12:03:01;Социально-уязвимые слои населения;Пенсионеры по возрасту;917;1;ИИН есть в реестре ФЛ;Есть прописка;;"55";;"5522";Павлодарская область;"55";Экибастуз г.а.;"5522";Есть прописка в районе;КАЗАХСТАН;Живой;Нет недвижимости;0;Соответствует критериям;609956;С - Неблагополучный уровень семьи (необходим мониторинг) ;1;2025-06-07 03:39:47
123456789000;2025-03-28 08:14:52;2015-12-28 11:40:25;Государственные служащие, работники бюджетных организаций, военнослужащие, кандидаты в космонавты, космонавты, сотрудники специальных государственных органов и лица, занимающие государственные выборные должности;Работники бюджетных организаций;1382;1;ИИН есть в реестре ФЛ;Есть прописка;;"47";;"4718";Мангистауская область;"47";Жанаозен г.а.;"4718";Есть прописка в районе;КАЗАХСТАН;Живой;Нет недвижимости;0;Соответствует критериям;28955710;В - удовлетворительный уровень семьи (ниже среднего);7;2025-06-07 03:39:47
123456789000;2025-03-28 09:05:31;2021-03-15 10:04:20;Многодетные семьи (в т.ч. многодетные матери имеющие награды «Алтын алқа», «Күміс алқа», «Материнская слава» I и II степени или звание «Мать-героиня»);Многодетные семьи;4939;1;ИИН есть в реестре ФЛ;Есть прописка;;"79";;"7911";Шымкент г.а.;"79";Шымкент г.а.;"7900";Есть прописка в районе;КАЗАХСТАН;Живой;Нет недвижимости;0;Соответствует критериям;35578145;D - Кризисный уровень семьи (требуется помощь);7;2025-06-07 03:39:47
123456789000;2025-03-28 09:22:30;2023-09-14 07:31:18;Многодетные семьи (в т.ч. многодетные матери имеющие награды «Алтын алқа», «Күміс алқа», «Материнская слава» I и II степени или звание «Мать-героиня»);Многодетные семьи;904;1;ИИН есть в реестре ФЛ;Есть прописка;;"61";;"6144";Туркестанская область;"61";Мактааральский район;"6144";Есть прописка в районе;КАЗАХСТАН;Живой;Нет недвижимости;0;Соответствует критериям;24952089;С - Неблагополучный уровень семьи (необходим мониторинг) ;7;2025-06-07 03:39:47
123456789000;2025-03-28 08:58:06;2019-09-06 06:09:19;Социально-уязвимые слои населения;Неполная семья;5699;1;ИИН есть в реестре ФЛ;Есть прописка;;"31";;"3110";Жамбылская область;"31";Тараз г.а.;"3110";Есть прописка в районе;КАЗАХСТАН;Живой;Нет недвижимости;0;Соответствует критериям;26961860;С - Неблагополучный уровень семьи (необходим мониторинг) ;3;2025-06-07 03:39:47
123456789000;2025-03-28 08:12:43;2011-12-19 19:00:00;Дети-сироты, дети, оставшиеся без попечения родителей;Дети-сироты, дети, оставшиеся без попечения родителей;278;1;ИИН есть в реестре ФЛ;Нет прописки;;;;;Костанайская область;"39";Костанай г.а.;"3910";Нет прописки в районе;КАЗАХСТАН;Живой;Нет недвижимости;1;Нет прописки;26422502;E - Экстренный уровень семьи (требуется срочная помощь);1;2025-06-07 03:39:47
123456789000;2025-03-28 09:06:28;2018-05-21 19:00:08;Социально-уязвимые слои населения;Неполная семья;5651;1;ИИН есть в реестре ФЛ;Есть прописка;;"79";;"7915";Шымкент г.а.;"79";Шымкент г.а.;"7900";Есть прописка в районе;КАЗАХСТАН;Живой;Нет недвижимости;0;Соответствует критериям;27768615;В - удовлетворительный уровень семьи (ниже среднего);2;2025-06-07 03:39:47
123456789000;2025-03-28 08:00:48;2019-04-15 07:11:18;Многодетные семьи (в т.ч. многодетные матери имеющие награды «Алтын алқа», «Күміс алқа», «Материнская слава» I и II степени или звание «Мать-героиня»);Многодетные семьи;269;1;ИИН есть в реестре ФЛ;Есть прописка;;"19";;"1952";Алматинская область;"19";Карасайский район;"1952";Есть прописка в районе;КАЗАХСТАН;Живой;Нет недвижимости;0;Соответствует критериям;22768310;В - удовлетворительный уровень семьи (ниже среднего);8;2025-06-07 03:39:47
123456789000;2025-03-28 09:28:21;2021-04-12 05:57:02;Дети-сироты, дети, оставшиеся без попечения родителей;Дети-сироты, дети, оставшиеся без попечения родителей;178;1;ИИН есть в реестре ФЛ;Есть прописка;;"35";;"3516";Карагандинская область;"35";Балхаш г.а.;"3516";Нет прописки в районе;КАЗАХСТАН;Живой;Нет недвижимости;1;Нет прописки в районе;27139777;С - Неблагополучный уровень семьи (необходим мониторинг) ;4;2025-06-07 03:39:47
123456789000;2025-03-28 09:36:56;2012-05-10 19:00:00;Дети-сироты, дети, оставшиеся без попечения родителей;Дети-сироты, дети, оставшиеся без попечения родителей;314;1;ИИН есть в реестре ФЛ;Есть прописка;;"15";;"1510";Актюбинская область;"15";Актобе г.а.;"1510";Есть прописка в районе;КАЗАХСТАН;Живой;Нет недвижимости;0;Соответствует критериям;29622153;В - удовлетворительный уровень семьи (ниже среднего);8;2025-06-07 03:39:47
123456789000;2025-03-28 09:07:50;2022-02-22 12:49:36;Многодетные семьи (в т.ч. многодетные матери имеющие награды «Алтын алқа», «Күміс алқа», «Материнская слава» I и II степени или звание «Мать-героиня»);Многодетные семьи;6989;1;ИИН есть в реестре ФЛ;Есть прописка;;"79";;"7917";Шымкент г.а.;"79";Шымкент г.а.;"7900";Есть прописка в районе;КАЗАХСТАН;Живой;Нет недвижимости;0;Соответствует критериям;33022855;С - Неблагополучный уровень семьи (необходим мониторинг) ;6;2025-06-07 03:39:47
123456789000;2025-03-28 08:44:46;2020-09-24 07:46:27;Государственные служащие, работники бюджетных организаций, военнослужащие, кандидаты в космонавты, космонавты, сотрудники специальных государственных органов и лица, занимающие государственные выборные должности;Государственный служащий;6297;1;ИИН есть в реестре ФЛ;Есть прописка;;"27";;"2766";Западно-Казахстанская область;"27";Уральск г.а.;"2710";Нет прописки в районе;КАЗАХСТАН;Живой;Нет недвижимости;1;Нет прописки в районе;34333802;С - Неблагополучный уровень семьи (необходим мониторинг) ;4;2025-06-07 03:39:47
123456789000;2025-03-28 08:19:59;2017-07-04 10:46:39;Государственные служащие, работники бюджетных организаций, военнослужащие, кандидаты в космонавты, космонавты, сотрудники специальных государственных органов и лица, занимающие государственные выборные должности;Работники бюджетных организаций;5006;1;ИИН есть в реестре ФЛ;Есть прописка;;"43";;"4310";Кызылординская область;"43";Кызылорда г.а.;"4310";Есть прописка в районе;КАЗАХСТАН;Живой;Нет недвижимости;0;Соответствует критериям;33132145;В - удовлетворительный уровень семьи (ниже среднего);4;2025-06-07 03:39:47
123456789000;2025-03-28 09:14:03;2024-09-19 08:05:20;Многодетные семьи (в т.ч. многодетные матери имеющие награды «Алтын алқа», «Күміс алқа», «Материнская слава» I и II степени или звание «Мать-героиня»);Многодетные семьи;1183;1;ИИН есть в реестре ФЛ;Есть прописка;;"61";;"6146";Туркестанская область;"61";Ордабасинский район;"6146";Есть прописка в районе;КАЗАХСТАН;Живой;Нет недвижимости;0;Соответствует критериям;22820244;В - удовлетворительный уровень семьи (ниже среднего);7;2025-06-07 03:39:47
123456789000;2025-03-28 09:26:49;2022-03-17 09:02:11;Дети-сироты, дети, оставшиеся без попечения родителей;Дети-сироты, дети, оставшиеся без попечения родителей;98;1;ИИН есть в реестре ФЛ;Есть прописка;;"35";;"3522";Карагандинская область;"35";Сарань г.а.;"3522";Есть прописка в районе;КАЗАХСТАН;Живой;Нет недвижимости;0;Соответствует критериям;27509664;E - Экстренный уровень семьи (требуется срочная помощь);1;2025-06-07 03:39:47
123456789000;2025-03-28 08:40:03;2024-11-25 09:18:13;Многодетные семьи (в т.ч. многодетные матери имеющие награды «Алтын алқа», «Күміс алқа», «Материнская слава» I и II степени или звание «Мать-героиня»);Многодетные семьи;2547;1;ИИН есть в реестре ФЛ;Есть прописка;;"27";;"2710";Западно-Казахстанская область;"27";Уральск г.а.;"2710";Нет прописки в районе;КАЗАХСТАН;Живой;Нет недвижимости;1;Нет прописки в районе;20517659;В - удовлетворительный уровень семьи (ниже среднего);8;2025-06-07 03:39:47
123456789000;2025-03-28 08:30:21;2017-06-12 11:17:43;Социально-уязвимые слои населения;Пенсионеры по возрасту;922;1;ИИН есть в реестре ФЛ;Есть прописка;;"55";;"5522";Павлодарская область;"55";Экибастуз г.а.;"5522";Есть прописка в районе;КАЗАХСТАН;Живой;Нет недвижимости;0;Соответствует критериям;35436199;D - Кризисный уровень семьи (требуется помощь);3;2025-06-07 03:39:47
123456789000;2025-03-28 08:42:40;2022-10-10 05:25:59;Социально-уязвимые слои населения;Лица с инвалидностью 1 и 2 групп;59;1;ИИН есть в реестре ФЛ;Есть прописка;;"11";;"1152";Акмолинская область;"11";Жаксынский район;"1152";Есть прописка в районе;КАЗАХСТАН;Живой;Нет недвижимости;0;Соответствует критериям;24871559;D - Кризисный уровень семьи (требуется помощь);1;2025-06-07 03:39:47
123456789000;2025-03-28 08:36:34;2014-09-16 07:29:41;Социально-уязвимые слои населения;Неполная семья;419;1;ИИН есть в реестре ФЛ;Есть прописка;;"55";;"5522";Павлодарская область;"55";Экибастуз г.а.;"5522";Есть прописка в районе;КАЗАХСТАН;Живой;Нет недвижимости;0;Соответствует критериям;26402411;А - благополучный уровень семьи (средний и выше);5;2025-06-07 03:39:47
123456789000;2025-03-28 08:50:09;2021-08-23 13:35:13;Многодетные семьи (в т.ч. многодетные матери имеющие награды «Алтын алқа», «Күміс алқа», «Материнская слава» I и II степени или звание «Мать-героиня»);Многодетные семьи;1953;1;ИИН есть в реестре ФЛ;Есть прописка;;"75";;"7518";Алматы г.а.;"75";Алматы г.а.;"7500";Есть прописка в районе;КАЗАХСТАН;Живой;Есть недвижимость;1;Есть недвижимость;23990871;В - удовлетворительный уровень семьи (ниже среднего);6;2025-06-07 03:39:47
123456789000;2025-03-28 08:24:53;2010-12-24 19:00:00;Государственные служащие, работники бюджетных организаций, военнослужащие, кандидаты в космонавты, космонавты, сотрудники специальных государственных органов и лица, занимающие государственные выборные должности;Работники бюджетных организаций;786;1;ИИН есть в реестре ФЛ;Есть прописка;;"59";;"5910";Северо-Казахстанская область;"59";Петропавловск г.а.;"5910";Есть прописка в районе;КАЗАХСТАН;Живой;Нет недвижимости;0;Соответствует критериям;4228878;В - удовлетворительный уровень семьи (ниже среднего);2;2025-06-07 03:39:47
123456789000;2025-03-28 08:00:12;2018-06-19 05:04:09;Многодетные семьи (в т.ч. многодетные матери имеющие награды «Алтын алқа», «Күміс алқа», «Материнская слава» I и II степени или звание «Мать-героиня»);Многодетные семьи;121;1;ИИН есть в реестре ФЛ;Есть прописка;;"19";;"1910";Алматинская область;"19";Конаев г.а.;"1910";Есть прописка в районе;КАЗАХСТАН;Живой;Нет недвижимости;0;Соответствует критериям;22817638;С - Неблагополучный уровень семьи (необходим мониторинг) ;8;2025-06-07 03:39:47
123456789000;2025-03-28 08:04:57;2016-03-13 19:00:00;Государственные служащие, работники бюджетных организаций, военнослужащие, кандидаты в космонавты, космонавты, сотрудники специальных государственных органов и лица, занимающие государственные выборные должности;Работники бюджетных организаций;4221;1;ИИН есть в реестре ФЛ;Нет прописки;;;;;Астана г.а.;"71";Астана г.а.;"7100";Нет прописки в районе;КАЗАХСТАН;Живой;Нет недвижимости;1;Нет прописки;22640533;D - Кризисный уровень семьи (требуется помощь);7;2025-06-07 03:39:47
123456789000;2025-03-28 07:59:47;2023-07-19 07:42:09;Многодетные семьи (в т.ч. многодетные матери имеющие награды «Алтын алқа», «Күміс алқа», «Материнская слава» I и II степени или звание «Мать-героиня»);Многодетные семьи;928;1;ИИН есть в реестре ФЛ;Есть прописка;;"19";;"1942";Алматинская область;"19";Жамбылский район;"1942";Есть прописка в районе;КАЗАХСТАН;Живой;Нет недвижимости;0;Соответствует критериям;29805181;В - удовлетворительный уровень семьи (ниже среднего);9;2025-06-07 03:39:47
123456789000;2025-03-28 07:51:15;2022-04-04 10:22:41;Многодетные семьи (в т.ч. многодетные матери имеющие награды «Алтын алқа», «Күміс алқа», «Материнская слава» I и II степени или звание «Мать-героиня»);Многодетные семьи;1729;1;ИИН есть в реестре ФЛ;Есть прописка;;"19";;"1962";Алматинская область;"19";Талгарский район;"1962";Есть прописка в районе;КАЗАХСТАН;Живой;Нет недвижимости;0;Соответствует критериям;26815605;С - Неблагополучный уровень семьи (необходим мониторинг) ;8;2025-06-07 03:39:47
123456789000;2025-03-28 08:16:21;2019-04-29 05:59:47;Государственные служащие, работники бюджетных организаций, военнослужащие, кандидаты в космонавты, космонавты, сотрудники специальных государственных органов и лица, занимающие государственные выборные должности;Работники бюджетных организаций;3881;1;ИИН есть в реестре ФЛ;Есть прописка;;"71";;"7111";Костанайская область;"39";Костанай г.а.;"3910";Нет прописки в районе;КАЗАХСТАН;Живой;Есть недвижимость;2;Не соответствует нескольким критериям;3436203;В - удовлетворительный уровень семьи (ниже среднего);4;2025-06-07 03:39:47
123456789000;2025-03-28 08:55:42;2019-09-09 05:43:26;Многодетные семьи (в т.ч. многодетные матери имеющие награды «Алтын алқа», «Күміс алқа», «Материнская слава» I и II степени или звание «Мать-героиня»);Многодетные семьи;928;1;ИИН есть в реестре ФЛ;Есть прописка;;"31";;"3110";Жамбылская область;"31";Тараз г.а.;"3110";Нет прописки в районе;КАЗАХСТАН;Живой;Нет недвижимости;1;Нет прописки в районе;22569253;С - Неблагополучный уровень семьи (необходим мониторинг) ;8;2025-06-07 03:39:47
123456789000;2025-03-28 08:35:40;2020-02-20 05:07:58;Государственные служащие, работники бюджетных организаций, военнослужащие, кандидаты в космонавты, космонавты, сотрудники специальных государственных органов и лица, занимающие государственные выборные должности;Государственный служащий;3219;1;ИИН есть в реестре ФЛ;Есть прописка;;"71";;"7111";Павлодарская область;"55";Павлодар г.а.;"5510";Нет прописки в районе;КАЗАХСТАН;Живой;Нет недвижимости;1;Нет прописки в районе;3909424;В - удовлетворительный уровень семьи (ниже среднего);5;2025-06-07 03:39:47
123456789000;2025-03-28 09:17:46;2023-02-01 06:36:36;Многодетные семьи (в т.ч. многодетные матери имеющие награды «Алтын алқа», «Күміс алқа», «Материнская слава» I и II степени или звание «Мать-героиня»);Многодетные семьи;1308;1;ИИН есть в реестре ФЛ;Есть прописка;;"61";;"6154";Туркестанская область;"61";Сарыагашский район;"6154";Есть прописка в районе;КАЗАХСТАН;Живой;Нет недвижимости;0;Соответствует критериям;27916945;В - удовлетворительный уровень семьи (ниже среднего);7;2025-06-07 03:39:47
123456789000;2025-03-28 09:08:31;2016-06-28 19:00:08;Социально-уязвимые слои населения;Лица с инвалидностью 1 и 2 групп;2344;1;ИИН есть в реестре ФЛ;Есть прописка;;"79";;"7913";Шымкент г.а.;"79";Шымкент г.а.;"7900";Есть прописка в районе;КАЗАХСТАН;Живой;Нет недвижимости;0;Соответствует критериям;28219649;D - Кризисный уровень семьи (требуется помощь);1;2025-06-07 03:39:47
123456789000;2025-03-28 08:59:01;2021-09-02 12:36:03;Государственные служащие, работники бюджетных организаций, военнослужащие, кандидаты в космонавты, космонавты, сотрудники специальных государственных органов и лица, занимающие государственные выборные должности;Государственный служащий;4302;1;ИИН есть в реестре ФЛ;Есть прописка;;"31";;"3110";Жамбылская область;"31";Тараз г.а.;"3110";Есть прописка в районе;КАЗАХСТАН;Живой;Нет недвижимости;0;Соответствует критериям;34730088;С - Неблагополучный уровень семьи (необходим мониторинг) ;4;2025-06-07 03:39:47
123456789000;2025-03-28 07:50:22;2015-03-19 08:52:02;Социально-уязвимые слои населения;Неполная семья;1349;1;ИИН есть в реестре ФЛ;Есть прописка;;"33";;"3310";Алматинская область;"19";Талдыкорган г.а.;;Нет прописки в районе;КАЗАХСТАН;Живой;Нет недвижимости;1;Нет прописки в районе;25457123;С - Неблагополучный уровень семьи (необходим мониторинг) ;5;2025-06-07 03:39:47
123456789000;2025-03-28 08:27:04;2021-11-16 06:21:42;Государственные служащие, работники бюджетных организаций, военнослужащие, кандидаты в космонавты, космонавты, сотрудники специальных государственных органов и лица, занимающие государственные выборные должности;Государственный служащий;7044;1;ИИН есть в реестре ФЛ;Есть прописка;;"43";;"4310";Кызылординская область;"43";Кызылорда г.а.;"4310";Есть прописка в районе;КАЗАХСТАН;Живой;Нет недвижимости;0;Соответствует критериям;33130948;В - удовлетворительный уровень семьи (ниже среднего);4;2025-06-07 03:39:47
123456789000;2025-03-28 08:50:21;2019-08-20 09:39:09;Социально-уязвимые слои населения;Неполная семья;4771;1;ИИН есть в реестре ФЛ;Есть прописка;;"75";;"7513";Алматы г.а.;"75";Алматы г.а.;"7500";Есть прописка в районе;КАЗАХСТАН;Живой;Есть недвижимость;1;Есть недвижимость;21329346;В - удовлетворительный уровень семьи (ниже среднего);5;2025-06-07 03:39:47
123456789000;2025-03-28 09:19:33;2017-04-25 12:24:34;Социально-уязвимые слои населения;Неполная семья;217;1;ИИН есть в реестре ФЛ;Есть прописка;;"61";;"6152";Туркестанская область;"61";Сайрамский район;"6152";Есть прописка в районе;КАЗАХСТАН;Живой;Нет недвижимости;0;Соответствует критериям;24537230;В - удовлетворительный уровень семьи (ниже среднего);9;2025-06-07 03:39:47
123456789000;2025-03-28 09:41:53;2013-01-13 19:00:00;Дети-сироты, дети, оставшиеся без попечения родителей;Дети-сироты, дети, оставшиеся без попечения родителей;47;1;ИИН есть в реестре ФЛ;Есть прописка;;"10";;"1036";Восточно-Казахстанская область;"63";Аягозский район;;Нет прописки в районе;КАЗАХСТАН;Живой;Нет недвижимости;1;Нет прописки в районе;24612402;E - Экстренный уровень семьи (требуется срочная помощь);1;2025-06-07 03:39:47
123456789000;2025-03-28 07:51:36;2020-11-30 12:13:16;Социально-уязвимые слои населения;Неполная семья;1411;1;ИИН есть в реестре ФЛ;Есть прописка;;"33";;"3346";Алматинская область;"19";Панфиловский район;;Нет прописки в районе;КАЗАХСТАН;Живой;Нет недвижимости;1;Нет прописки в районе;22370130;D - Кризисный уровень семьи (требуется помощь);4;2025-06-07 03:39:47
123456789000;2025-03-28 09:34:59;2015-10-15 13:36:31;Дети-сироты, дети, оставшиеся без попечения родителей;Дети-сироты, дети, оставшиеся без попечения родителей;888;1;ИИН есть в реестре ФЛ;Нет прописки;;;;;Актюбинская область;"15";Актобе г.а.;"1510";Нет прописки в районе;КАЗАХСТАН;Живой;Нет недвижимости;1;Нет прописки;;;;2025-06-07 03:39:47
123456789000;2025-03-28 08:58:08;2019-09-19 12:11:18;Социально-уязвимые слои населения;Неполная семья;5717;1;ИИН есть в реестре ФЛ;Есть прописка;;"31";;"3110";Жамбылская область;"31";Тараз г.а.;"3110";Есть прописка в районе;КАЗАХСТАН;Живой;Нет недвижимости;0;Соответствует критериям;21374751;С - Неблагополучный уровень семьи (необходим мониторинг) ;3;2025-06-07 03:39:47
123456789000;2025-03-28 08:36:26;2015-09-15 07:00:00;Дети-сироты, дети, оставшиеся без попечения родителей;Дети-сироты, дети, оставшиеся без попечения родителей;337;1;ИИН есть в реестре ФЛ;Есть прописка;;"23";;"2310";Атырауская область;"23";Атырау г.а.;"2310";Есть прописка в районе;КАЗАХСТАН;Живой;Нет недвижимости;0;Соответствует критериям;10650012;В - удовлетворительный уровень семьи (ниже среднего);4;2025-06-07 03:39:47
123456789000;2025-03-28 09:43:11;2021-03-31 07:30:40;Дети-сироты, дети, оставшиеся без попечения родителей;Дети-сироты, дети, оставшиеся без попечения родителей;452;1;ИИН есть в реестре ФЛ;Есть прописка;;"63";;"6324";Восточно-Казахстанская область;"63";Риддер г.а.;"6324";Есть прописка в районе;КАЗАХСТАН;Живой;Нет недвижимости;0;Соответствует критериям;40734986;С - Неблагополучный уровень семьи (необходим мониторинг) ;4;2025-06-07 03:39:47
123456789000;2025-03-28 09:18:46;2017-02-20 14:32:00;Многодетные семьи (в т.ч. многодетные матери имеющие награды «Алтын алқа», «Күміс алқа», «Материнская слава» I и II степени или звание «Мать-героиня»);Многодетные семьи;13;1;ИИН есть в реестре ФЛ;Есть прописка;;"61";;"6156";Туркестанская область;"61";Сузакский район;"6156";Есть прописка в районе;КАЗАХСТАН;Живой;Нет недвижимости;0;Соответствует критериям;19452446;В - удовлетворительный уровень семьи (ниже среднего);6;2025-06-07 03:39:47
123456789000;2025-03-28 07:54:18;2020-07-15 05:41:30;Многодетные семьи (в т.ч. многодетные матери имеющие награды «Алтын алқа», «Күміс алқа», «Материнская слава» I и II степени или звание «Мать-героиня»);Многодетные семьи;999;1;ИИН есть в реестре ФЛ;Есть прописка;;"19";;"1962";Алматинская область;"19";Талгарский район;"1962";Есть прописка в районе;КАЗАХСТАН;Живой;Нет недвижимости;0;Соответствует критериям;35913285;С - Неблагополучный уровень семьи (необходим мониторинг) ;10;2025-06-07 03:39:47
123456789000;2025-03-28 08:56:10;2021-04-23 11:26:23;Государственные служащие, работники бюджетных организаций, военнослужащие, кандидаты в космонавты, космонавты, сотрудники специальных государственных органов и лица, занимающие государственные выборные должности;Государственный служащий;3940;1;ИИН есть в реестре ФЛ;Есть прописка;;"31";;"3110";Жамбылская область;"31";Тараз г.а.;"3110";Нет прописки в районе;КАЗАХСТАН;Живой;Нет недвижимости;1;Нет прописки в районе;24432861;В - удовлетворительный уровень семьи (ниже среднего);4;2025-06-07 03:39:47
123456789000;2025-03-28 08:37:15;2017-01-19 03:49:25;Дети-сироты, дети, оставшиеся без попечения родителей;Дети-сироты, дети, оставшиеся без попечения родителей;1299;1;ИИН есть в реестре ФЛ;Есть прописка;;"27";;"2710";Западно-Казахстанская область;"27";Уральск г.а.;"2710";Есть прописка в районе;КАЗАХСТАН;Живой;Нет недвижимости;0;Соответствует критериям;22690830;В - удовлетворительный уровень семьи (ниже среднего);7;2025-06-07 03:39:47
123456789000;2025-03-28 08:44:41;2022-04-05 05:48:09;Социально-уязвимые слои населения;Неполная семья;3549;1;ИИН есть в реестре ФЛ;Есть прописка;;"11";;"1110";Акмолинская область;"11";Кокшетау г.а.;"1110";Есть прописка в районе;КАЗАХСТАН;Живой;Нет недвижимости;0;Соответствует критериям;29592255;D - Кризисный уровень семьи (требуется помощь);4;2025-06-07 03:39:47
123456789000;2025-03-28 07:53:39;2024-08-07 07:28:55;Социально-уязвимые слои населения;Неполная семья;234;1;ИИН есть в реестре ФЛ;Есть прописка;;"33";;"3348";область Жетісу;"33";Саркандский район;"3348";Есть прописка в районе;КАЗАХСТАН;Живой;Нет недвижимости;0;Соответствует критериям;30491269;С - Неблагополучный уровень семьи (необходим мониторинг) ;4;2025-06-07 03:39:47
123456789000;2025-03-28 09:04:47;2015-09-17 19:00:15;Государственные служащие, работники бюджетных организаций, военнослужащие, кандидаты в космонавты, космонавты, сотрудники специальных государственных органов и лица, занимающие государственные выборные должности;Работники бюджетных организаций;1946;1;ИИН есть в реестре ФЛ;Есть прописка;;"79";;"7917";Шымкент г.а.;"79";Шымкент г.а.;"7900";Есть прописка в районе;КАЗАХСТАН;Живой;Нет недвижимости;0;Соответствует критериям;19127811;В - удовлетворительный уровень семьи (ниже среднего);4;2025-06-07 03:39:47
123456789000;2025-03-28 09:23:58;2019-03-01 06:15:00;Дети-сироты, дети, оставшиеся без попечения родителей;Дети-сироты, дети, оставшиеся без попечения родителей;480;1;ИИН есть в реестре ФЛ;Есть прописка;;"35";;"3524";Карагандинская область;"35";Темиртау г.а.;"3524";Есть прописка в районе;КАЗАХСТАН;Живой;Нет недвижимости;0;Соответствует критериям;27002076;С - Неблагополучный уровень семьи (необходим мониторинг) ;1;2025-06-07 03:39:47
123456789000;2025-03-28 09:20:45;2018-07-19 04:46:31;Социально-уязвимые слои населения;Лица с инвалидностью 1 и 2 групп;594;1;ИИН есть в реестре ФЛ;Есть прописка;;"61";;"6120";Туркестанская область;"61";Кентау г.а.;"6120";Нет прописки в районе;КАЗАХСТАН;Живой;Нет недвижимости;1;Нет прописки в районе;4546800;В - удовлетворительный уровень семьи (ниже среднего);5;2025-06-07 03:39:47
